{"cameraMode":{"drawMode":0,"name":"Shaded","section":"Shading Mode"},"sceneLighting":false,"audioPlay":false,"sceneViewState":{"showFog":true,"showMaterialUpdate":false,"showSkybox":false,"showFlares":true,"showImageEffects":true,"showParticleSystems":true},"in2DMode":false,"pivot":{"x":0.15438151359558106,"y":0.07613229751586914,"z":-0.20754551887512208},"rotation":{"x":-0.1760743260383606,"y":0.05813656002283096,"z":-0.010417593643069268,"w":-0.9826045036315918},"size":6.453496932983398,"orthographic":false}