{"cameraMode":{"drawMode":0,"name":"Shaded","section":"Shading Mode"},"sceneLighting":true,"audioPlay":false,"sceneViewState":{"showFog":true,"showMaterialUpdate":false,"showSkybox":false,"showFlares":true,"showImageEffects":true,"showParticleSystems":true},"in2DMode":false,"pivot":{"x":4.096121788024902,"y":2.4700002670288088,"z":-15.378400802612305},"rotation":{"x":-0.21413183212280274,"y":-0.3760106861591339,"z":0.08974047750234604,"w":-0.8970757126808167},"size":6.062177658081055,"orthographic":false}