{"cameraMode":{"drawMode":0,"name":"Shaded","section":"Shading Mode"},"sceneLighting":true,"audioPlay":false,"sceneViewState":{"showFog":true,"showMaterialUpdate":false,"showSkybox":false,"showFlares":true,"showImageEffects":true,"showParticleSystems":true},"in2DMode":false,"pivot":{"x":21.0,"y":2.2100000381469728,"z":8.640000343322754},"rotation":{"x":-0.21413183212280274,"y":-0.3760106861591339,"z":0.08974047750234604,"w":-0.8970757126808167},"size":22.570236206054689,"orthographic":false}