{"cameraMode":{"drawMode":0,"name":"Shaded","section":"Shading Mode"},"sceneLighting":true,"audioPlay":false,"sceneViewState":{"showFog":true,"showMaterialUpdate":false,"showSkybox":true,"showFlares":true,"showImageEffects":true,"showParticleSystems":true},"in2DMode":false,"pivot":{"x":-22.817087173461915,"y":12.24064826965332,"z":42.431617736816409},"rotation":{"x":-0.05872569978237152,"y":-0.03294377028942108,"z":-0.0019311551004648209,"w":0.9977396726608276},"size":38.039737701416019,"orthographic":false}