{"cameraMode":{"drawMode":0,"name":"Shaded","section":"Shading Mode"},"sceneLighting":false,"audioPlay":false,"sceneViewState":{"showFog":true,"showMaterialUpdate":false,"showSkybox":false,"showFlares":true,"showImageEffects":true,"showParticleSystems":true},"in2DMode":false,"pivot":{"x":23.5911922454834,"y":1.9000000953674317,"z":-11.028215408325196},"rotation":{"x":-0.2676672339439392,"y":-0.10725615918636322,"z":0.029997210949659349,"w":-0.9570569396018982},"size":2.1650636196136476,"orthographic":false}