{"cameraMode":{"drawMode":0,"name":"Shaded","section":"Shading Mode"},"sceneLighting":true,"audioPlay":false,"sceneViewState":{"showFog":true,"showMaterialUpdate":false,"showSkybox":true,"showFlares":true,"showImageEffects":true,"showParticleSystems":true},"in2DMode":false,"pivot":{"x":-10.856571197509766,"y":2.119999885559082,"z":3.7394371032714845},"rotation":{"x":-0.2611011266708374,"y":0.3000786006450653,"z":-0.08577466756105423,"w":-0.9134749174118042},"size":6.569781303405762,"orthographic":false}